国家,国家英文,获奖选手,大项项目,小项项目,奖牌类型,获奖时间
挪威,Norway(NOR),韦特勒·肖斯塔·克里斯蒂安森,冬季两项,男子15公里集体出发,铜牌,02-18
挪威,Norway(NOR),约翰内斯·廷内斯·伯厄,冬季两项,男子15公里集体出发,金牌,02-18
挪威,Norway(NOR),马尔特·奥斯堡,冬季两项,女子12.5公里集体出发,铜牌,02-18
挪威,Norway(NOR),泰里尔·埃克霍夫,冬季两项,女子12.5公里集体出发,银牌,02-18
挪威,Norway(NOR),斯图拉·霍尔姆·莱格雷德/塔尔耶伊·伯厄/约翰内斯·廷内斯·伯厄/韦特勒·肖斯塔·克里斯蒂安森,冬季两项,男子4×7.5公里接力,金牌,02-15
挪威,Norway(NOR),塔尔耶伊·伯厄,冬季两项,男子12.5公里追逐,银牌,02-13
挪威,Norway(NOR),泰里尔·埃克霍夫,冬季两项,女子10公里追逐,铜牌,02-13
挪威,Norway(NOR),马尔特·奥斯堡,冬季两项,女子10公里追逐,金牌,02-13
挪威,Norway(NOR),塔尔耶伊·伯厄,冬季两项,男子10公里短距离,铜牌,02-12
挪威,Norway(NOR),约翰内斯·廷内斯·伯厄,冬季两项,男子10公里短距离,金牌,02-12
挪威,Norway(NOR),马尔特·奥斯堡,冬季两项,女子7.5公里短距离,金牌,02-11
挪威,Norway(NOR),约翰内斯·廷内斯·伯厄,冬季两项,男子20公里个人,铜牌,02-08
挪威,Norway(NOR),马尔特·奥斯堡,冬季两项,女子15公里个人,铜牌,02-07
挪威,Norway(NOR),马尔特·奥斯堡/泰里尔·埃克霍夫/塔尔耶伊·伯厄/约翰内斯·廷内斯·伯厄,冬季两项,4×6公里混合接力,金牌,02-05
挪威,Norway(NOR),特蕾丝·约海于格,越野滑雪,女子30公里集体出发,金牌,02-20
挪威,Norway(NOR),西蒙·赫格斯塔德·克吕格尔,越野滑雪,男子50公里集体出发,铜牌,02-19
挪威,Norway(NOR),埃里克·瓦尔内斯/约翰内斯·赫斯弗洛特·克莱博,越野滑雪,男子团体短距离,金牌,02-16
挪威,Norway(NOR),埃米尔·艾弗森/帕尔·戈尔贝格/汉斯克里斯特·霍尔德/约翰内斯·赫斯弗洛特·克莱博,越野滑雪,男子4×10公里接力,银牌,02-13
挪威,Norway(NOR),约翰内斯·赫斯弗洛特·克莱博,越野滑雪,男子15公里,铜牌,02-11
挪威,Norway(NOR),特蕾丝·约海于格,越野滑雪,女子10公里,金牌,02-10
挪威,Norway(NOR),约翰内斯·赫斯弗洛特·克莱博,越野滑雪,男子个人短距离,金牌,02-08
挪威,Norway(NOR),特蕾丝·约海于格,越野滑雪,女子双追逐,金牌,02-05
挪威,Norway(NOR),米娜·菲尔斯特·霍尔特曼/泰娅·路易丝·斯特耶内松/玛丽亚·特蕾丝·特维贝格/蒂蒙·海于甘/法比安·维尔肯斯·索尔海姆/拉斯穆斯·温丁斯塔,高山滑雪,混合团体,铜牌,02-20
挪威,Norway(NOR),塞巴斯蒂安·福斯—索莱沃格,高山滑雪,男子回转,铜牌,02-16
挪威,Norway(NOR),亚历山大·奥莫特·基尔德,高山滑雪,男子全能,银牌,02-10
挪威,Norway(NOR),亚历山大·奥莫特·基尔德,高山滑雪,男子超级大回转,铜牌,02-08
挪威,Norway(NOR),约根·格拉巴克/延斯·卢拉斯·奥夫特布罗/埃斯彭·比约恩斯塔/埃斯佩·安德森,北欧两项,男子团体大跳台+4×5公里越野滑雪,金牌,02-17
挪威,Norway(NOR),延斯·卢拉斯·奥夫特布罗,北欧两项,男子个人大跳台+10公里越野滑雪,银牌,02-15
挪威,Norway(NOR),约根·格拉巴克,北欧两项,男子个人大跳台+10公里越野滑雪,金牌,02-15
挪威,Norway(NOR),约根·格拉巴克,北欧两项,男子个人标准台+10公里越野滑雪,银牌,02-09
挪威,Norway(NOR),哈瓦尔·霍尔默菲尤尔·洛伦森,速度滑冰,男子1000米,铜牌,02-18
挪威,Norway(NOR),哈尔盖·恩格布罗滕/佩德·孔斯海于格/斯韦勒·伦德·彼得森,速度滑冰,男子团体追逐,金牌,02-15
挪威,Norway(NOR),哈尔盖·恩格布罗滕,速度滑冰,男子5000米,铜牌,02-06
挪威,Norway(NOR),克丽斯廷·斯卡斯连/芒努斯·内德雷戈滕,冰壶,混合双人冰壶,银牌,02-08
挪威,Norway(NOR),马里乌斯·林德维克,跳台滑雪,男子个人大跳台,金牌,02-12
挪威,Norway(NOR),伯克·鲁德,自由式滑雪,男子大跳台,金牌,02-09
挪威,Norway(NOR),蒙斯·勒伊斯韦兰,单板滑雪,男子大跳台,银牌,02-15
德国,Germany(GER),弗朗西斯科·弗里德里希/托尔斯滕·马吉斯/坎迪·鲍尔/亚历山大·许勒尔,雪车,四人雪车,金牌,02-20
德国,Germany(GER),约翰内斯·洛赫纳/弗洛里安·鲍尔/克里斯托弗·韦伯/克里斯蒂安·拉斯普,雪车,四人雪车,银牌,02-20
德国,Germany(GER),玛丽亚马·雅曼卡/亚历山德拉·布格哈特,雪车,女子双人,银牌,02-19
德国,Germany(GER),劳拉·诺尔特/德博拉·莱维,雪车,女子双人,金牌,02-19
德国,Germany(GER),克里斯托夫·哈费尔/马蒂亚斯·佐默,雪车,男子双人,铜牌,02-15
德国,Germany(GER),弗朗西斯科·弗里德里希/托尔斯滕·马吉斯,雪车,男子双人,金牌,02-15
德国,Germany(GER),约翰内斯·洛赫纳/弗洛里安·鲍尔,雪车,男子双人,银牌,02-15
德国,Germany(GER),纳塔莉·盖森贝格尔/约翰内斯·路德维希,雪橇,混合团体接力,金牌,02-10
德国,Germany(GER),托尼·埃格特/萨沙·贝内肯,雪橇,双人雪橇,银牌,02-09
德国,Germany(GER),托比亚斯·文德尔/托比亚斯·阿尔特,雪橇,双人雪橇,金牌,02-09
德国,Germany(GER),安娜·贝赖特尔,雪橇,女子单人,银牌,02-08
德国,Germany(GER),纳塔莉·盖森贝格尔,雪橇,女子单人,金牌,02-08
德国,Germany(GER),约翰内斯·路德维希,雪橇,男子单人,金牌,02-06
德国,Germany(GER),康斯坦丁·施密德/斯特凡·莱赫/马库斯·艾森比希勒/卡尔·盖格尔,跳台滑雪,男子团体,铜牌,02-14
德国,Germany(GER),卡尔·盖格尔,跳台滑雪,男子个人大跳台,铜牌,02-12
德国,Germany(GER),卡塔琳娜·阿尔特豪斯,跳台滑雪,女子个人标准台,银牌,02-05
德国,Germany(GER),汉娜·奈泽,钢架雪车,女子单人,金牌,02-12
德国,Germany(GER),克里斯托弗·格罗特赫尔,钢架雪车,男子单人,金牌,02-11
德国,Germany(GER),阿克塞尔·容克,钢架雪车,男子单人,银牌,02-11
德国,Germany(GER),卡塔琳娜·亨尼希/维多利亚·卡尔,越野滑雪,女子团体短距离,金牌,02-16
德国,Germany(GER),凯瑟琳·绍尔布赖/卡塔琳娜·亨尼希/维多利亚·卡尔/索菲·克雷尔,越野滑雪,女子4×5公里接力,银牌,02-12
德国,Germany(GER),曼努埃尔·费斯特/埃里克·弗伦策尔/文岑茨·盖格尔/尤利安·施密德,北欧两项,男子团体大跳台+4×5公里越野滑雪,银牌,02-17
德国,Germany(GER),文岑茨·盖格尔,北欧两项,男子个人标准台+10公里越野滑雪,金牌,02-09
德国,Germany(GER),瓦妮萨·福格特/瓦妮萨·欣茨/弗兰齐丝卡·普罗伊斯/丹尼丝·赫尔曼,冬季两项,女子4×6公里接力,铜牌,02-16
德国,Germany(GER),丹尼丝·赫尔曼,冬季两项,女子15公里个人,金牌,02-07
德国,Germany(GER),埃玛·艾歇尔/莱娜·迪尔/朱利安·劳赫弗斯/亚历山大·施密德/利努斯·施特拉塞尔,高山滑雪,混合团体,银牌,02-20
德国,Germany(GER),达妮埃拉·迈尔,自由式滑雪,女子障碍追逐,铜牌,02-17
中国,China(CHN),谷爱凌,自由式滑雪,女子U型场地技巧,金牌,02-18
中国,China(CHN),齐广璞,自由式滑雪,男子空中技巧,金牌,02-16
中国,China(CHN),谷爱凌,自由式滑雪,女子坡面障碍技巧,银牌,02-15
中国,China(CHN),徐梦桃,自由式滑雪,女子空中技巧,金牌,02-14
中国,China(CHN),徐梦桃/贾宗洋/齐广璞,自由式滑雪,空中技巧混合团体,银牌,02-10
中国,China(CHN),谷爱凌,自由式滑雪,女子大跳台,金牌,02-08
中国,China(CHN),范可新/韩雨桐/曲春雨/张楚桐/张雨婷,短道速滑,女子3000米接力,铜牌,02-13
中国,China(CHN),任子威,短道速滑,男子1000米,金牌,02-07
中国,China(CHN),李文龙,短道速滑,男子1000米,银牌,02-07
中国,China(CHN),范可新/曲春雨/张雨婷/任子威/武大靖,短道速滑,混合2000米接力,金牌,02-05
中国,China(CHN),苏翊鸣,单板滑雪,男子大跳台,金牌,02-15
中国,China(CHN),苏翊鸣,单板滑雪,男子坡面障碍技巧,银牌,02-07
中国,China(CHN),高亭宇,速度滑冰,男子500米,金牌,02-12
中国,China(CHN),隋文静/韩聪,花样滑冰,双人滑,金牌,02-19
中国,China(CHN),闫文港,钢架雪车,男子单人,铜牌,02-11
美国,United States(USA),亚历克斯·费雷拉,自由式滑雪,男子U型场地技巧,铜牌,02-19
美国,United States(USA),戴维·怀斯,自由式滑雪,男子U型场地技巧,银牌,02-19
美国,United States(USA),亚历山大·霍尔,自由式滑雪,男子坡面障碍技巧,金牌,02-16
美国,United States(USA),尼古拉斯·戈珀,自由式滑雪,男子坡面障碍技巧,银牌,02-16
美国,United States(USA),梅甘·尼克,自由式滑雪,女子空中技巧,铜牌,02-14
美国,United States(USA),阿什莉·考德威尔/克里斯托弗·利利斯/贾斯廷·舍尼菲尔德,自由式滑雪,空中技巧混合团体,金牌,02-10
美国,United States(USA),科尔比·史蒂文森,自由式滑雪,男子大跳台,银牌,02-09
美国,United States(USA),杰琳·考夫,自由式滑雪,女子雪上技巧,银牌,02-06
美国,United States(USA),尼克·鲍姆加特纳/琳赛·雅各贝利斯,单板滑雪,障碍追逐混合团体,金牌,02-12
美国,United States(USA),克洛伊·金,单板滑雪,女子U型场地技巧,金牌,02-10
美国,United States(USA),琳赛·雅各贝利斯,单板滑雪,女子障碍追逐,金牌,02-09
美国,United States(USA),朱莉娅·马里诺,单板滑雪,女子坡面障碍技巧,银牌,02-06
美国,United States(USA),布里塔妮·鲍,速度滑冰,女子1000米,铜牌,02-17
美国,United States(USA),伊桑·塞普伦/凯西·道森/埃默里·莱曼/乔伊·曼蒂亚,速度滑冰,男子团体追逐,铜牌,02-15
美国,United States(USA),埃琳·杰克逊,速度滑冰,女子500米,金牌,02-13
美国,United States(USA),麦迪逊·哈贝尔/扎卡里·多诺霍,花样滑冰,冰上舞蹈,铜牌,02-14
美国,United States(USA),陈巍,花样滑冰,男子单人滑,金牌,02-10
美国,United States(USA),陈巍/周知方/陈楷雯,花样滑冰,团体赛,银牌,02-07
美国,United States(USA),埃拉娜·迈耶斯·泰勒/西尔维娅·霍夫曼,雪车,女子双人,铜牌,02-19
美国,United States(USA),凯莉·汉弗莱斯,雪车,女子单人,金牌,02-14
美国,United States(USA),埃拉娜·迈耶斯·泰勒,雪车,女子单人,银牌,02-14
美国,United States(USA),杰茜·迪金斯,越野滑雪,女子30公里集体出发,银牌,02-20
美国,United States(USA),杰茜·迪金斯,越野滑雪,女子个人短距离,铜牌,02-08
美国,United States(USA),美国女子冰球队,冰球,女子冰球,银牌,02-17
美国,United States(USA),瑞安·科克伦—西格尔,高山滑雪,男子超级大回转,银牌,02-08
瑞典,Sweden(SWE),马娅·达尔奎斯特/约娜·松德林,越野滑雪,女子团体短距离,银牌,02-16
瑞典,Sweden(SWE),马娅·达尔奎斯特/埃芭·安德松/弗丽达·卡尔松/约娜·松德林,越野滑雪,女子4×5公里接力,铜牌,02-12
瑞典,Sweden(SWE),约娜·松德林,越野滑雪,女子个人短距离,金牌,02-08
瑞典,Sweden(SWE),马娅·达尔奎斯特,越野滑雪,女子个人短距离,银牌,02-08
瑞典,Sweden(SWE),桑德拉·内斯隆德,自由式滑雪,女子障碍追逐,金牌,02-17
瑞典,Sweden(SWE),杰斯珀·亚德,自由式滑雪,男子坡面障碍技巧,铜牌,02-16
瑞典,Sweden(SWE),亨里克·哈劳特,自由式滑雪,男子大跳台,铜牌,02-09
瑞典,Sweden(SWE),瓦尔特·瓦尔贝里,自由式滑雪,男子雪上技巧,金牌,02-05
瑞典,Sweden(SWE),马丁·蓬西卢奥马,冬季两项,男子15公里集体出发,银牌,02-18
瑞典,Sweden(SWE),琳·佩尔松/莫娜·布罗尔松/汉娜·厄贝里/埃尔薇拉·厄贝里,冬季两项,女子4×6公里接力,金牌,02-16
瑞典,Sweden(SWE),埃尔薇拉·厄贝里,冬季两项,女子10公里追逐,银牌,02-13
瑞典,Sweden(SWE),埃尔薇拉·厄贝里,冬季两项,女子7.5公里短距离,银牌,02-11
瑞典,Sweden(SWE),瑞典女子冰壶队,冰壶,女子冰壶,铜牌,02-19
瑞典,Sweden(SWE),瑞典男子冰壶队,冰壶,男子冰壶,金牌,02-19
瑞典,Sweden(SWE),阿尔米达·德瓦尔/奥斯卡·埃里克松,冰壶,混合双人冰壶,铜牌,02-08
瑞典,Sweden(SWE),尼尔斯·范德普尔,速度滑冰,男子10000米,金牌,02-11
瑞典,Sweden(SWE),尼尔斯·范德普尔,速度滑冰,男子5000米,金牌,02-06
瑞典,Sweden(SWE),莎拉·赫克托,高山滑雪,女子大回转,金牌,02-07
荷兰,Netherlands(NED),伊雷妮·斯豪滕,速度滑冰,女子集体出发,金牌,02-19
荷兰,Netherlands(NED),托马斯·克罗尔,速度滑冰,男子1000米,金牌,02-18
荷兰,Netherlands(NED),尤塔·莱尔丹,速度滑冰,女子1000米,银牌,02-17
荷兰,Netherlands(NED),安托瓦妮特·德容赫/玛丽克·格勒内沃德/伊雷妮·斯豪滕/伊琳·维斯特,速度滑冰,女子团体追逐,铜牌,02-15
荷兰,Netherlands(NED),帕特里克·罗斯特,速度滑冰,男子10000米,银牌,02-11
荷兰,Netherlands(NED),伊雷妮·斯豪滕,速度滑冰,女子5000米,金牌,02-10
荷兰,Netherlands(NED),托马斯·克罗尔,速度滑冰,男子1500米,银牌,02-08
荷兰,Netherlands(NED),克杰尔德·纽伊斯,速度滑冰,男子1500米,金牌,02-08
荷兰,Netherlands(NED),伊琳·维斯特,速度滑冰,女子1500米,金牌,02-07
荷兰,Netherlands(NED),安托瓦妮特·德容赫,速度滑冰,女子1500米,铜牌,02-07
荷兰,Netherlands(NED),帕特里克·罗斯特,速度滑冰,男子5000米,银牌,02-06
荷兰,Netherlands(NED),伊雷妮·斯豪滕,速度滑冰,女子3000米,金牌,02-05
荷兰,Netherlands(NED),舒尔廷,短道速滑,女子1500米,铜牌,02-16
荷兰,Netherlands(NED),塞尔玛·保茨马/舒尔廷/亚拉·范科克霍夫/桑德拉·贝尔塞伯,短道速滑,女子3000米接力,金牌,02-13
荷兰,Netherlands(NED),舒尔廷,短道速滑,女子1000米,金牌,02-11
荷兰,Netherlands(NED),舒尔廷,短道速滑,女子500米,银牌,02-07
荷兰,Netherlands(NED),金伯利·博斯,钢架雪车,女子单人,铜牌,02-12
奥地利,Austria(AUT),卡塔琳娜·胡贝尔/卡塔琳娜·林斯伯格/卡塔琳娜·特吕佩/斯特凡·布伦施泰纳/米夏埃尔·马特/约翰内斯·施特罗尔茨,高山滑雪,混合团体,金牌,02-20
奥地利,Austria(AUT),约翰内斯·施特罗尔茨,高山滑雪,男子回转,银牌,02-16
奥地利,Austria(AUT),米丽娅姆·普赫纳,高山滑雪,女子超级大回转,银牌,02-11
奥地利,Austria(AUT),约翰内斯·施特罗尔茨,高山滑雪,男子全能,金牌,02-10
奥地利,Austria(AUT),卡塔琳娜·林斯伯格,高山滑雪,女子回转,银牌,02-09
奥地利,Austria(AUT),马蒂亚斯·迈尔,高山滑雪,男子超级大回转,金牌,02-08
奥地利,Austria(AUT),马蒂亚斯·迈尔,高山滑雪,男子滑降,铜牌,02-07
奥地利,Austria(AUT),安娜·加塞尔,单板滑雪,女子大跳台,金牌,02-15
奥地利,Austria(AUT),亚历山德罗·黑默勒,单板滑雪,男子障碍追逐,金牌,02-10
奥地利,Austria(AUT),本亚明·卡尔,单板滑雪,男子平行大回转,金牌,02-08
奥地利,Austria(AUT),达妮埃拉·乌尔宾,单板滑雪,女子平行大回转,银牌,02-08
奥地利,Austria(AUT),马德莱娜·埃格勒/沃尔夫冈·金德尔,雪橇,混合团体接力,银牌,02-10
奥地利,Austria(AUT),托马斯·施托伊/洛伦茨·科勒,雪橇,双人雪橇,铜牌,02-09
奥地利,Austria(AUT),沃尔夫冈·金德尔,雪橇,男子单人,银牌,02-06
奥地利,Austria(AUT),斯特凡·克拉夫特/丹尼尔·胡贝尔/扬·赫尔/曼努埃尔·费特纳,跳台滑雪,男子团体,金牌,02-14
奥地利,Austria(AUT),曼努埃尔·费特纳,跳台滑雪,男子个人标准台,银牌,02-06
奥地利,Austria(AUT),特雷莎·施塔德勒贝尔,越野滑雪,女子双追逐,铜牌,02-05
奥地利,Austria(AUT),卢卡斯·格赖德雷尔,北欧两项,男子个人标准台+10公里越野滑雪,铜牌,02-09
瑞士,Switzerland(SUI),温迪·霍尔德纳,高山滑雪,女子全能,银牌,02-17
瑞士,Switzerland(SUI),米歇尔·吉辛,高山滑雪,女子全能,金牌,02-17
瑞士,Switzerland(SUI),科琳娜··祖特尔,高山滑雪,女子滑降,金牌,02-15
瑞士,Switzerland(SUI),马尔科·奥德马特,高山滑雪,男子大回转,金牌,02-13
瑞士,Switzerland(SUI),米歇尔·吉辛,高山滑雪,女子超级大回转,铜牌,02-11
瑞士,Switzerland(SUI),拉拉·古特-贝赫拉米,高山滑雪,女子超级大回转,金牌,02-11
瑞士,Switzerland(SUI),温迪·霍尔德纳,高山滑雪,女子回转,铜牌,02-09
瑞士,Switzerland(SUI),拉拉·古特-贝赫拉米,高山滑雪,女子大回转,铜牌,02-07
瑞士,Switzerland(SUI),贝亚特·费乌兹,高山滑雪,男子滑降,金牌,02-07
瑞士,Switzerland(SUI),里安·雷格兹,自由式滑雪,男子障碍追逐,金牌,02-18
瑞士,Switzerland(SUI),亚历克斯·菲瓦,自由式滑雪,男子障碍追逐,银牌,02-18
瑞士,Switzerland(SUI),玛蒂尔德·格雷莫德,自由式滑雪,女子坡面障碍技巧,金牌,02-15
瑞士,Switzerland(SUI),玛蒂尔德·格雷莫德,自由式滑雪,女子大跳台,铜牌,02-08
瑞士,Switzerland(SUI),扬·舍雷尔,单板滑雪,男子U型场地技巧,铜牌,02-11
俄罗斯奥委会,ROC(ROC),伊万·亚基穆什金,越野滑雪,男子50公里集体出发,银牌,02-19
俄罗斯奥委会,ROC(ROC),亚历山大·博利舒诺夫,越野滑雪,男子50公里集体出发,金牌,02-19
俄罗斯奥委会,ROC(ROC),亚历山大·博利舒诺夫/亚历山大·捷连捷夫,越野滑雪,男子团体短距离,铜牌,02-16
俄罗斯奥委会,ROC(ROC),尤利娅·斯图帕克/纳塔利娅·涅普里亚耶娃,越野滑雪,女子团体短距离,铜牌,02-16
俄罗斯奥委会,ROC(ROC),阿列克谢·切尔沃特金/亚历山大·博利舒诺夫/丹尼斯·斯皮佐夫/谢尔盖·乌斯秋戈夫,越野滑雪,男子4×10公里接力,金牌,02-13
俄罗斯奥委会,ROC(ROC),尤利娅·斯图帕克/纳塔利娅·涅普里亚耶娃/塔季扬娜·索丽娜/韦罗妮卡·斯捷潘诺娃,越野滑雪,女子4×5公里接力,金牌,02-12
俄罗斯奥委会,ROC(ROC),亚历山大·博利舒诺夫,越野滑雪,男子15公里,银牌,02-11
俄罗斯奥委会,ROC(ROC),亚历山大·捷连捷夫,越野滑雪,男子个人短距离,铜牌,02-08
俄罗斯奥委会,ROC(ROC),亚历山大·博利舒诺夫,越野滑雪,男子双追逐,金牌,02-06
俄罗斯奥委会,ROC(ROC),丹尼斯·斯皮佐夫,越野滑雪,男子双追逐,银牌,02-06
俄罗斯奥委会,ROC(ROC),纳塔利娅·涅普里亚耶娃,越野滑雪,女子双追逐,银牌,02-05
俄罗斯奥委会,ROC(ROC),阿纳斯塔西娅·米希娜/亚历山大·加利亚莫夫,花样滑冰,双人滑,铜牌,02-19
俄罗斯奥委会,ROC(ROC),叶夫根尼娅·塔拉索娃/弗拉基米尔·莫罗佐夫,花样滑冰,双人滑,银牌,02-19
俄罗斯奥委会,ROC(ROC),安娜·谢尔巴科娃,花样滑冰,女子单人滑,金牌,02-17
俄罗斯奥委会,ROC(ROC),亚历山德拉·特鲁索娃,花样滑冰,女子单人滑,银牌,02-17
俄罗斯奥委会,ROC(ROC),维多利亚·西尼齐娜/尼基塔·卡察拉波夫,花样滑冰,冰上舞蹈,银牌,02-14
俄罗斯奥委会,ROC(ROC),马克·孔德拉秋克/卡米拉·瓦利耶娃,花样滑冰,团体赛,金牌,02-07
俄罗斯奥委会,ROC(ROC),伊琳娜·卡扎克维奇/克里斯季娜·雷兹佐娃/斯韦特兰娜·米罗诺娃/乌利亚娜·尼格马图林娜,冬季两项,女子4×6公里接力,银牌,02-16
俄罗斯奥委会,ROC(ROC),赛义德·卡里穆拉·哈利利/亚历山大·洛吉诺夫/马克西姆·茨韦特科夫/爱德华·拉特波夫,冬季两项,男子4×7.5公里接力,铜牌,02-15
俄罗斯奥委会,ROC(ROC),爱德华·拉特波夫,冬季两项,男子12.5公里追逐,铜牌,02-13
俄罗斯奥委会,ROC(ROC),乌利亚娜·尼格马图林娜/克里斯季娜·雷兹佐娃/亚历山大·洛吉诺夫/爱德华·拉特波夫,冬季两项,4×6公里混合接力,铜牌,02-05
俄罗斯奥委会,ROC(ROC),谢尔盖·里济克,自由式滑雪,男子障碍追逐,铜牌,02-18
俄罗斯奥委会,ROC(ROC),伊利亚·布罗夫,自由式滑雪,男子空中技巧,铜牌,02-16
俄罗斯奥委会,ROC(ROC),阿纳斯塔西娅·斯米尔诺娃,自由式滑雪,女子雪上技巧,铜牌,02-06
俄罗斯奥委会,ROC(ROC),康斯坦丁·伊夫利耶夫,短道速滑,男子500米,银牌,02-13
俄罗斯奥委会,ROC(ROC),西蒙·叶利斯特拉托夫,短道速滑,男子1500米,铜牌,02-09
俄罗斯奥委会,ROC(ROC),丹尼尔·阿尔多什金/谢尔盖·特罗菲莫弗/鲁斯兰·扎哈罗夫,速度滑冰,男子团体追逐,银牌,02-15
俄罗斯奥委会,ROC(ROC),安格林娜·戈利科娃,速度滑冰,女子500米,铜牌,02-13
俄罗斯奥委会,ROC(ROC),俄罗斯奥委会男子冰球队,冰球,男子冰球,银牌,02-20
俄罗斯奥委会,ROC(ROC),伊尔玛·马希尼娅/丹尼尔·萨德烈耶夫/伊琳娜·阿瓦库莫娃/叶夫根尼·克利莫夫,跳台滑雪,混合团体,银牌,02-07
俄罗斯奥委会,ROC(ROC),维奇·维尔德,单板滑雪,男子平行大回转,铜牌,02-08
俄罗斯奥委会,ROC(ROC),塔季扬娜·伊万诺娃,雪橇,女子单人,铜牌,02-08
法国,France(FRA),贾斯蒂娜·布莱索斯,冬季两项,女子12.5公里集体出发,金牌,02-18
法国,France(FRA),法比恩·克劳德/埃米利安·雅克兰/西蒙·德斯西厄/康坦·菲永·马耶,冬季两项,男子4×7.5公里接力,银牌,02-15
法国,France(FRA),康坦·菲永·马耶,冬季两项,男子12.5公里追逐,金牌,02-13
法国,France(FRA),康坦·菲永·马耶,冬季两项,男子10公里短距离,银牌,02-12
法国,France(FRA),康坦·菲永·马耶,冬季两项,男子20公里个人,金牌,02-08
法国,France(FRA),阿内斯·希瓦利埃,冬季两项,女子15公里个人,银牌,02-07
法国,France(FRA),阿内斯·希瓦利埃/朱莉娅·西蒙/埃米利安·雅克兰/康坦·菲永·马耶,冬季两项,4×6公里混合接力,银牌,02-05
法国,France(FRA),克莱门特·尼克尔,高山滑雪,男子回转,金牌,02-16
法国,France(FRA),马蒂厄·费弗尔,高山滑雪,男子大回转,铜牌,02-13
法国,France(FRA),约翰·克拉雷,高山滑雪,男子滑降,银牌,02-07
法国,France(FRA),加布丽埃拉·帕帕达基斯/纪尧姆·西泽龙,花样滑冰,冰上舞蹈,金牌,02-14
法国,France(FRA),里夏尔·茹夫/雨果·拉帕吕/克莱芒·帕里斯/莫里斯·马尼菲卡,越野滑雪,男子4×10公里接力,铜牌,02-13
法国,France(FRA),泰丝·勒德,自由式滑雪,女子大跳台,银牌,02-08
法国,France(FRA),克洛伊·特雷斯珀什,单板滑雪,女子障碍追逐,银牌,02-09
加拿大,Canada(CAN),马克斯·帕罗特,单板滑雪,男子大跳台,铜牌,02-15
加拿大,Canada(CAN),埃利奥特·格伦丁/梅尔耶塔·奥丁,单板滑雪,障碍追逐混合团体,铜牌,02-12
加拿大,Canada(CAN),埃利奥特·格伦丁,单板滑雪,男子障碍追逐,银牌,02-10
加拿大,Canada(CAN),梅尔耶塔·奥丁,单板滑雪,女子障碍追逐,铜牌,02-09
加拿大,Canada(CAN),马克·麦克莫里斯,单板滑雪,男子坡面障碍技巧,铜牌,02-07
加拿大,Canada(CAN),马克斯·帕罗特,单板滑雪,男子坡面障碍技巧,金牌,02-07
加拿大,Canada(CAN),伊万妮·布隆丁,速度滑冰,女子集体出发,银牌,02-19
加拿大,Canada(CAN),洛朗·迪布勒伊,速度滑冰,男子1000米,银牌,02-18
加拿大,Canada(CAN),伊万妮·布隆丁/瓦勒里·马尔泰斯/伊莎贝尔·韦德曼,速度滑冰,女子团体追逐,金牌,02-15
加拿大,Canada(CAN),伊莎贝尔·韦德曼,速度滑冰,女子5000米,银牌,02-10
加拿大,Canada(CAN),伊莎贝尔·韦德曼,速度滑冰,女子3000米,铜牌,02-05
加拿大,Canada(CAN),蕾切尔·卡克,自由式滑雪,女子U型场地技巧,铜牌,02-18
加拿大,Canada(CAN),凯茜·夏普,自由式滑雪,女子U型场地技巧,银牌,02-18
加拿大,Canada(CAN),玛丽埃尔·汤普森,自由式滑雪,女子障碍追逐,银牌,02-17
加拿大,Canada(CAN),玛丽昂·泰诺/米哈·方丹/刘易斯·欧文,自由式滑雪,空中技巧混合团体,铜牌,02-10
加拿大,Canada(CAN),迈克尔·金斯伯里,自由式滑雪,男子雪上技巧,银牌,02-05
加拿大,Canada(CAN),帕斯卡尔·戴恩/史蒂文·杜博伊斯/哈梅林/马克西姆·劳恩/若尔当·皮埃尔—吉勒,短道速滑,男子5000米接力,金牌,02-16
加拿大,Canada(CAN),史蒂文·杜博伊斯,短道速滑,男子500米,铜牌,02-13
加拿大,Canada(CAN),史蒂文·杜博伊斯,短道速滑,男子1500米,银牌,02-09
加拿大,Canada(CAN),金·布廷,短道速滑,女子500米,铜牌,02-07
加拿大,Canada(CAN),贾斯廷·克里普斯/瑞安·萨默/卡姆·斯通斯/本杰明·科克韦尔,雪车,四人雪车,铜牌,02-20
加拿大,Canada(CAN),克里斯蒂娜·德布鲁因,雪车,女子单人,铜牌,02-14
加拿大,Canada(CAN),加拿大女子冰球队,冰球,女子冰球,金牌,02-17
加拿大,Canada(CAN),加拿大男子冰壶队,冰壶,男子冰壶,铜牌,02-18
加拿大,Canada(CAN),詹姆斯·克劳福德,高山滑雪,男子全能,铜牌,02-10
加拿大,Canada(CAN),亚历山德里娅·洛蒂特/马修·绍库普/阿比盖尔·斯特拉特/麦肯齐·博伊德-克洛斯,跳台滑雪,混合团体,铜牌,02-07
日本,Japan(JPN),高木美帆,速度滑冰,女子1000米,金牌,02-17
日本,Japan(JPN),佐藤绫乃/高木美帆/高木菜那,速度滑冰,女子团体追逐,银牌,02-15
日本,Japan(JPN),高木美帆,速度滑冰,女子500米,银牌,02-13
日本,Japan(JPN),森重航,速度滑冰,男子500米,铜牌,02-12
日本,Japan(JPN),高木美帆,速度滑冰,女子1500米,银牌,02-07
日本,Japan(JPN),坂本花织,花样滑冰,女子单人滑,铜牌,02-17
日本,Japan(JPN),键山优真,花样滑冰,男子单人滑,银牌,02-10
日本,Japan(JPN),宇野昌磨,花样滑冰,男子单人滑,铜牌,02-10
日本,Japan(JPN),键山优真/宇野昌磨/樋口新叶/坂本花织,花样滑冰,团体赛,铜牌,02-07
日本,Japan(JPN),村濑心椛,单板滑雪,女子大跳台,铜牌,02-15
日本,Japan(JPN),平野步梦,单板滑雪,男子U型场地技巧,金牌,02-11
日本,Japan(JPN),富田濑奈,单板滑雪,女子U型场地技巧,铜牌,02-10
日本,Japan(JPN),小林陵侑,跳台滑雪,男子个人大跳台,银牌,02-12
日本,Japan(JPN),小林陵侑,跳台滑雪,男子个人标准台,金牌,02-06
日本,Japan(JPN),渡部晓斗/渡部善斗/永井秀昭/山本凉太,北欧两项,男子团体大跳台+4×5公里越野滑雪,铜牌,02-17
日本,Japan(JPN),渡部晓斗,北欧两项,男子个人大跳台+10公里越野滑雪,铜牌,02-15
日本,Japan(JPN),日本女子冰壶队,冰壶,女子冰壶,银牌,02-20
日本,Japan(JPN),堀岛行真,自由式滑雪,男子雪上技巧,铜牌,02-05
意大利,Italy(ITA),阿里安娜·丰塔纳,短道速滑,女子1500米,银牌,02-16
意大利,Italy(ITA),安德烈亚·卡西内利/尤里·孔福尔托拉/托马索·多蒂/彼得罗·西盖尔,短道速滑,男子5000米接力,铜牌,02-16
意大利,Italy(ITA),阿里安娜·丰塔纳,短道速滑,女子500米,金牌,02-07
意大利,Italy(ITA),阿里安娜·丰塔纳/马丁娜·瓦尔切皮纳/阿里安娜·瓦尔切皮纳/安德烈亚·卡西内利/尤里·孔福尔托拉/彼得罗·西盖尔,短道速滑,混合2000米接力,银牌,02-05
意大利,Italy(ITA),费代丽卡·布里尼奥内,高山滑雪,女子全能,铜牌,02-17
意大利,Italy(ITA),索菲娅·戈贾,高山滑雪,女子滑降,银牌,02-15
意大利,Italy(ITA),纳迪娅·德拉戈,高山滑雪,女子滑降,铜牌,02-15
意大利,Italy(ITA),费代丽卡·布里尼奥内,高山滑雪,女子大回转,银牌,02-07
意大利,Italy(ITA),弗兰切丝卡·洛洛布里吉达,速度滑冰,女子集体出发,铜牌,02-19
意大利,Italy(ITA),达维德·吉奥托,速度滑冰,男子10000米,铜牌,02-11
意大利,Italy(ITA),弗兰切丝卡·洛洛布里吉达,速度滑冰,女子3000米,银牌,02-05
意大利,Italy(ITA),奥马尔·维辛廷/米凯拉·莫约利,单板滑雪,障碍追逐混合团体,银牌,02-12
意大利,Italy(ITA),奥马尔·维辛廷,单板滑雪,男子障碍追逐,铜牌,02-10
意大利,Italy(ITA),斯特凡尼娅·康斯坦丁尼/阿莫斯·莫萨纳,冰壶,混合双人冰壶,金牌,02-08
意大利,Italy(ITA),费代里科·佩莱格里诺,越野滑雪,男子个人短距离,银牌,02-08
意大利,Italy(ITA),多米尼克·菲施纳勒,雪橇,男子单人,铜牌,02-06
意大利,Italy(ITA),多罗特娅·维雷尔,冬季两项,女子7.5公里短距离,铜牌,02-11
韩国,Republic of Korea(KOR),崔敏静,短道速滑,女子1500米,金牌,02-16
韩国,Republic of Korea(KOR),黄大宪/金东旭/郭润起/李俊瑞/朴章爀,短道速滑,男子5000米接力,银牌,02-16
韩国,Republic of Korea(KOR),崔敏静/金雅朗/李有彬/徐辉旻,短道速滑,女子3000米接力,银牌,02-13
韩国,Republic of Korea(KOR),崔敏静,短道速滑,女子1000米,银牌,02-11
韩国,Republic of Korea(KOR),黄大宪,短道速滑,男子1500米,金牌,02-09
韩国,Republic of Korea(KOR),李承勋,速度滑冰,男子集体出发,铜牌,02-19
韩国,Republic of Korea(KOR),郑在原,速度滑冰,男子集体出发,银牌,02-19
韩国,Republic of Korea(KOR),车旼奎,速度滑冰,男子500米,银牌,02-12
韩国,Republic of Korea(KOR),金敏锡,速度滑冰,男子1500米,铜牌,02-08
斯洛文尼亚,Slovenia(SLO),洛夫罗·科斯/采内·普雷夫奇/蒂米·扎伊茨/彼得·普雷夫茨,跳台滑雪,男子团体,银牌,02-14
斯洛文尼亚,Slovenia(SLO),妮卡·克里兹纳尔/蒂米·扎伊茨/乌尔萨·博加塔伊/彼得·普雷夫茨,跳台滑雪,混合团体,金牌,02-07
斯洛文尼亚,Slovenia(SLO),妮卡·克里兹纳尔,跳台滑雪,女子个人标准台,铜牌,02-05
斯洛文尼亚,Slovenia(SLO),乌尔萨·博加塔伊,跳台滑雪,女子个人标准台,金牌,02-05
斯洛文尼亚,Slovenia(SLO),蒂姆·马斯特纳克,单板滑雪,男子平行大回转,银牌,02-08
斯洛文尼亚,Slovenia(SLO),格洛里娅·科特尼克,单板滑雪,女子平行大回转,铜牌,02-08
斯洛文尼亚,Slovenia(SLO),扎恩·克拉涅茨,高山滑雪,男子大回转,银牌,02-13
芬兰,Finland(FIN),凯尔图·尼斯卡宁,越野滑雪,女子30公里集体出发,铜牌,02-20
芬兰,Finland(FIN),伊沃·尼斯卡宁/乔妮·迈基,越野滑雪,男子团体短距离,银牌,02-16
芬兰,Finland(FIN),伊沃·尼斯卡宁,越野滑雪,男子15公里,金牌,02-11
芬兰,Finland(FIN),克里斯塔·拉廷马奇,越野滑雪,女子10公里,铜牌,02-10
芬兰,Finland(FIN),凯尔图·尼斯卡宁,越野滑雪,女子10公里,银牌,02-10
芬兰,Finland(FIN),伊沃·尼斯卡宁,越野滑雪,男子双追逐,铜牌,02-06
芬兰,Finland(FIN),芬兰男子冰球队,冰球,男子冰球,金牌,02-20
芬兰,Finland(FIN),芬兰女子冰球队,冰球,女子冰球,铜牌,02-16
新西兰,New Zealand(NZL),佐伊·萨多夫斯基·辛诺特,单板滑雪,女子大跳台,银牌,02-15
新西兰,New Zealand(NZL),佐伊·萨多夫斯基·辛诺特,单板滑雪,女子坡面障碍技巧,金牌,02-06
新西兰,New Zealand(NZL),尼科·波蒂奥斯,自由式滑雪,男子U型场地技巧,金牌,02-19
澳大利亚,Australia(AUS),斯科蒂·詹姆斯,单板滑雪,男子U型场地技巧,银牌,02-11
澳大利亚,Australia(AUS),特丝·科迪,单板滑雪,女子坡面障碍技巧,铜牌,02-06
澳大利亚,Australia(AUS),杰卡拉·安东尼,自由式滑雪,女子雪上技巧,金牌,02-06
澳大利亚,Australia(AUS),贾克琳·纳拉科特,钢架雪车,女子单人,银牌,02-12
英国,Great Britain(GBR),英国女子冰壶队,冰壶,女子冰壶,金牌,02-20
英国,Great Britain(GBR),英国男子冰壶队,冰壶,男子冰壶,银牌,02-19
匈牙利,Hungary(HUN),刘少昂,短道速滑,男子500米,金牌,02-13
匈牙利,Hungary(HUN),刘少昂,短道速滑,男子1000米,铜牌,02-07
匈牙利,Hungary(HUN),亚萨帕蒂·彼得拉/科尼亚·佐菲娅/克鲁格·约翰—亨利/刘少昂/刘少林,短道速滑,混合2000米接力,铜牌,02-05
比利时,Belgium(BEL),汉娜·德梅,短道速滑,女子1000米,铜牌,02-11
比利时,Belgium(BEL),巴尔特·斯温斯,速度滑冰,男子集体出发,金牌,02-19
捷克,Czech Republic(CZE),马丁娜·萨布利科娃,速度滑冰,女子5000米,铜牌,02-10
捷克,Czech Republic(CZE),埃丝特·莱德茨卡,单板滑雪,女子平行大回转,金牌,02-08
斯洛伐克,Slovakia(SVK),斯洛伐克男子冰球队,冰球,男子冰球,铜牌,02-19
斯洛伐克,Slovakia(SVK),彼得拉·弗尔霍娃,高山滑雪,女子回转,金牌,02-09
白俄罗斯,Belarus(BLR),汉娜·胡什科娃,自由式滑雪,女子空中技巧,银牌,02-14
白俄罗斯,Belarus(BLR),安东·斯莫利斯基,冬季两项,男子20公里个人,银牌,02-08
西班牙,Spain(ESP),克拉尔特·卡斯特雷特,单板滑雪,女子U型场地技巧,银牌,02-10
乌克兰,Ukraine(UKR),亚历山大·阿布拉缅科,自由式滑雪,男子空中技巧,银牌,02-16
爱沙尼亚,Estonia(EST),凯莉·西尔达鲁,自由式滑雪,女子坡面障碍技巧,铜牌,02-15
拉脱维亚,Latvia(LAT),伊丽莎·季鲁马/克里斯特斯·阿帕约兹,雪橇,混合团体接力,铜牌,02-10
波兰,Poland(POL),达维德·库巴茨基,跳台滑雪,男子个人标准台,铜牌,02-06
